0	vp-index
1	vp-louvainclustering-1
2	vp-louvainclustering-2
3	vp-pca-1
4	vp-pca-2
5	vp-manifoldlearning-1
6	vp-manifoldlearning-2
7	vp-distancefile
8	vp-distancemap-1
9	vp-distancemap-2
10	vp-tsne-1
11	vp-tsne-2
12	vp-tsne-3
13	vp-tsne-4
14	vp-dbscan
15	vp-correlations
16	vp-correspondenceanalysis
17	vp-distances-1
18	vp-distances-2
19	vp-distances-3
20	vp-distances-4
21	vp-savedistancematrix
22	vp-distancematrix
23	vp-distancetransformation
24	vp-kmeans-1
25	vp-kmeans-2
26	vp-selforganizingmap-1
27	vp-selforganizingmap-2
28	vp-hierarchicalclustering-1
29	vp-hierarchicalclustering-2
30	vp-hierarchicalclustering-3
31	vp-hierarchicalclustering-4
32	vp-mds-1
33	vp-mds-2
34	vp-mds-3
35	vp-mds-4
36	vp-mds-5
37	vp-neighbors-1
38	vp-neighbors-2
39	vp-nomogram-1
40	vp-nomogram-2
41	vp-nomogram-3
42	vp-nomogram-4
43	vp-mosaicdisplay
44	vp-radviz-1
45	vp-radviz-2
46	vp-radviz-3
47	vp-radviz-4
48	vp-distributions-1
49	vp-distributions-2
50	vp-pythagoreantree-1
51	vp-pythagoreantree-2
52	vp-barplot
53	vp-violinplot-1
54	vp-violinplot-2
55	vp-violinplot-3
56	vp-venndiagram-1
57	vp-venndiagram-2
58	vp-boxplot-1
59	vp-boxplot-2
60	vp-boxplot-3
61	vp-scatterplot-1
62	vp-scatterplot-2
63	vp-scatterplot-3
64	vp-scatterplot-4
65	vp-scatterplot-5
66	vp-scatterplot-6
67	vp-silhouetteplot-1
68	vp-silhouetteplot-2
69	vp-lineplot-1
70	vp-lineplot-2
71	vp-heatmap-1
72	vp-heatmap-2
73	vp-heatmap-3
74	vp-heatmap-4
75	vp-heatmap-5
76	vp-heatmap-6
77	vp-linearprojection-1
78	vp-linearprojection-2
79	vp-linearprojection-3
80	vp-linearprojection-4
81	vp-sievediagram-1
82	vp-sievediagram-2
83	vp-treeviewer-1
84	vp-treeviewer-2
85	vp-treeviewer-3
86	vp-pythagoreanforest-1
87	vp-pythagoreanforest-2
88	vp-freeviz-1
89	vp-freeviz-2
90	vp-freeviz-3
91	vp-freeviz-4
92	vp-cn2ruleviewer
93	vp-scoringsheetviewer-1
94	vp-scoringsheetviewer-2
95	vp-featureaspredictor-1
96	vp-featureaspredictor-2
97	vp-featureaspredictor-3
98	vp-performancecurve-1
99	vp-performancecurve-2
100	vp-performancecurve-3
101	vp-parameterfitter
102	vp-confusionmatrix-1
103	vp-confusionmatrix-2
104	vp-confusionmatrix-3
105	vp-calibrationplot-1
106	vp-calibrationplot-2
107	vp-calibrationplot-3
108	vp-permutationplot
109	vp-predictions-1
110	vp-predictions-2
111	vp-predictions-3
112	vp-rocanalysis-1
113	vp-rocanalysis-2
114	vp-rocanalysis-3
115	vp-rocanalysis-4
116	vp-testandscore-1
117	vp-testandscore-2
118	vp-testandscore-3
119	vp-testandscore-4
120	vp-testandscore-5
121	vp-testandscore-6
122	vp-linearregression-1
123	vp-linearregression-2
124	vp-linearregression-3
125	vp-savemodel
126	vp-knn-1
127	vp-knn-2
128	vp-knn-3
129	vp-naivebayes
130	vp-neuralnetwork-1
131	vp-neuralnetwork-2
132	vp-constant
133	vp-svm-1
134	vp-svm-2
135	vp-svm-3
136	vp-svm-4
137	vp-svm-5
138	vp-gradientboosting-1
139	vp-gradientboosting-2
140	vp-gradientboosting-3
141	vp-stacking
142	vp-cn2ruleinduction-1
143	vp-cn2ruleinduction-2
144	vp-cn2ruleinduction-3
145	vp-cn2ruleinduction-4
146	vp-calibratedlearner
147	vp-randomforest-1
148	vp-randomforest-2
149	vp-randomforest-3
150	vp-randomforest-4
151	vp-pls
152	vp-scoringsheet-1
153	vp-scoringsheet-2
154	vp-adaboost-1
155	vp-adaboost-2
156	vp-adaboost-3
157	vp-tree-1
158	vp-tree-2
159	vp-tree-3
160	vp-loadmodel
161	vp-logisticregression-1
162	vp-logisticregression-2
163	vp-logisticregression-3
164	vp-stochasticgradient-1
165	vp-stochasticgradient-2
166	vp-stochasticgradient-3
167	vp-stochasticgradient-4
168	vp-curvefit
169	vp-melt
170	vp-aggregatecolumns
171	vp-split
172	vp-outliers-1
173	vp-outliers-2
174	vp-outliers-3
175	vp-transpose
176	vp-selectrows
177	vp-file-1
178	vp-file-2
179	vp-file-3
180	vp-pythonscript-1
181	vp-pythonscript-2
182	vp-pythonscript-3
183	vp-pythonscript-4
184	vp-pythonscript-5
185	vp-pythonscript-6
186	vp-pythonscript-7
187	vp-rank-1
188	vp-rank-2
189	vp-rank-3
190	vp-rank-4
191	vp-rank-5
192	vp-groupby
193	vp-pivot-1
194	vp-pivot-2
195	vp-pivot-3
196	vp-pivot-4
197	vp-selectcolumns-1
198	vp-selectcolumns-2
199	vp-datasampler-1
200	vp-datasampler-2
201	vp-datasampler-3
202	vp-continuize-1
203	vp-continuize-2
204	vp-continuize-3
205	vp-datatable
206	vp-color-1
207	vp-color-2
208	vp-color-3
209	vp-preprocess-1
210	vp-preprocess-2
211	vp-preprocess-3
212	vp-preprocess-4
213	vp-preprocess-5
214	vp-formula-1
215	vp-formula-2
216	vp-formula-3
217	vp-randomize
218	vp-createinstance-1
219	vp-createinstance-2
220	vp-purgedomain-1
221	vp-purgedomain-2
222	vp-purgedomain-3
223	vp-editdomain-1
224	vp-editdomain-2
225	vp-editdomain-3
226	vp-editdomain-4
227	vp-concatenate-1
228	vp-concatenate-2
229	vp-concatenate-3
230	vp-save
231	vp-paintdata
232	vp-sqltable-1
233	vp-sqltable-2
234	vp-sqltable-3
235	vp-sqltable-4
236	vp-impute-1
237	vp-impute-2
238	vp-impute-3
239	vp-applydomain-1
240	vp-applydomain-2
241	vp-datainfo
242	vp-csvfileimport-1
243	vp-csvfileimport-2
244	vp-csvfileimport-3
245	vp-csvfileimport-4
246	vp-datasets
247	vp-discretize-1
248	vp-discretize-2
249	vp-discretize-3
250	vp-select-by-data-index
251	vp-featurestatistics
252	vp-unique
253	vp-mergedata-1
254	vp-mergedata-2
255	vp-mergedata-3
256	vp-mergedata-4
257	vp-mergedata-5
258	vp-mergedata-6
259	vp-mergedata-7
260	vp-mergedata-8
261	vp-mergedata-9
262	vp-createclass-1
263	vp-createclass-2
264	vp-index-1
265	vp-index-2
266	vp-index-3
267	vp-index-4
268	vp-index-5
269	vp-index-6
270	vp-index-7
271	vp-index-8
272	vp-index-9
273	vp-index-10
274	vp-index-11
275	surv-rank-survival-features
276	surv-as-survival-data
277	surv-kaplan-meier-plot-1
278	surv-kaplan-meier-plot-2
279	surv-cox-regression
280	surv-stepwise-cox-regression
281	surv-cohorts
282	text-concordance-1
283	text-concordance-2
284	text-guardian-widget
285	text-ontology-1
286	text-ontology-2
287	text-ontology-3
288	text-wikipedia-widget
289	text-preprocesstext-1
290	text-preprocesstext-2
291	text-preprocesstext-3
292	text-preprocesstext-4
293	text-wordcloud-1
294	text-wordcloud-2
295	text-semanticviewer-1
296	text-semanticviewer-2
297	text-bagofwords-widget-1
298	text-bagofwords-widget-2
299	text-duplicatedetection-1
300	text-duplicatedetection-2
301	text-corpustonetwork-1
302	text-corpustonetwork-2
303	text-corpustonetwork-3
304	text-createcorpus
305	text-importdocuments
306	text-corpusviewer-1
307	text-corpusviewer-2
308	text-docmap-1
309	text-docmap-2
310	text-ldavis-1
311	text-ldavis-2
312	text-statistics-1
313	text-statistics-2
314	text-collocations
315	text-topicmodelling-widget-1
316	text-topicmodelling-widget-2
317	text-topicmodelling-widget-3
318	text-topicmodelling-widget-4
319	text-topicmodelling-widget-5
320	text-score-documents-1
321	text-score-documents-2
322	text-pubmed
323	text-wordlist-1
324	text-wordlist-2
325	text-nytimes
326	text-documentembedding-1
327	text-documentembedding-2
328	text-documentembedding-3
329	text-documentembedding-4
330	text-tweetprofiler
331	text-annotator-1
332	text-annotator-2
333	text-annotator-3
334	text-annotator-4
335	text-annotator-5
336	text-sentimentanalysis-1
337	text-sentimentanalysis-2
338	text-sentimentanalysis-3
339	text-sentimentanalysis-4
340	text-corpus-widget-1
341	text-corpus-widget-2
342	text-twitter-widget-1
343	text-twitter-widget-2
344	text-wordenrichment-1
345	text-wordenrichment-2
346	text-keywords-1
347	text-keywords-2
348	text-keywords-3
349	core-classification-1
350	core-classification-2
351	core-classification-3
352	core-classification-4
353	core-classification-5
354	core-classification-6
355	core-classification-7
356	core-classification-8
357	core-classification-9
358	core-classification-10
359	core-data-1
360	core-data-2
361	core-data-3
362	core-data-4
363	core-data-5
364	core-data-6
365	core-data-7
366	core-data-8
367	core-data-9
368	core-data-10
369	core-data-11
370	core-data-12
371	core-data-13
372	core-data-14
373	core-data-15
374	core-data-16
375	core-data-17
376	core-data-18
377	core-data-19
378	core-data-20
379	core-data-21
380	core-data-22
381	core-data-23
382	core-data-24
383	core-data-25
384	core-data-26
385	core-data-27
386	core-data-28
387	core-regression-1
388	core-regression-2
389	core-regression-3
390	core-regression-4
391	core-distances-1
392	core-distances-2
393	core-distances-3
394	core-distances-4
395	core-distances-5
396	core-distances-6
397	core-distances-7
398	core-distances-8
399	core-distances-9
400	core-distances-10
401	core-distances-11
402	core-distances-12
403	core-distances-13
404	core-distances-14
405	core-distances-15
406	core-distances-16
407	core-distances-17
408	bio-genes
409	bio-gene-sets-1
410	bio-gene-sets-2
411	bio-gene-sets-3
412	bio-dicty-express
413	bio-geo-data-sets-1
414	bio-geo-data-sets-2
415	bio-annotate-projection-1
416	bio-annotate-projection-2
417	bio-annotate-projection-3
418	bio-annotate-projection-4
419	bio-annotate-projection-5
420	bio-databases-update
421	bio-single-sample-scoring
422	bio-differential-expression-1
423	bio-differential-expression-2
424	bio-differential-expression-3
425	bio-volcano-plot-1
426	bio-volcano-plot-2
427	bio-go-browser-1
428	bio-go-browser-2
429	bio-go-browser-3
430	bio-go-browser-4
431	bio-go-browser-5
432	bio-kegg-pathways
433	bio-marker-genes-1
434	bio-marker-genes-2
435	bio-marker-genes-3
436	bio-homologs
437	bio-cluster-analysis-1
438	bio-cluster-analysis-2
439	bio-gene-set-enrichment
440	single-filter
441	single-score-cells-1
442	single-score-cells-2
443	single-batch-effect-removal
444	single-dot-matrix
445	single-single-cell-preprocess
446	single-load-data
447	single-spatial-autocorrelation
448	single-score-genes
449	single-single-cell-datasets
450	single-align-datasets
451	doc-line-chart
452	doc-interpolate
453	doc-as-timeseries
454	doc-var
455	doc-spiralogram-1
456	doc-spiralogram-2
457	doc-yahoo-finance
458	doc-correlogram
459	doc-arima
460	doc-model-evaluation-w
461	doc-moving-transform-w-1
462	doc-moving-transform-w-2
463	doc-moving-transform-w-3
464	doc-time-slice
465	doc-difference
466	doc-granger-causality
467	doc-periodogram-w
468	doc-seasonal-adjustment
